{"stats":{"minecraft:used":{"minecraft:calcite":9,"minecraft:azalea":2,"minecraft:moss_block":4,"minecraft:water_bucket":1,"minecraft:amethyst_block":9,"minecraft:stone_sword":4,"minecraft:stone_pickaxe":195,"minecraft:shield":2,"minecraft:spruce_planks":14,"minecraft:wooden_pickaxe":10,"minecraft:iron_sword":79,"minecraft:clay":1,"minecraft:rotten_flesh":2,"minecraft:iron_chestplate":1,"minecraft:torch":12,"minecraft:glow_berries":58,"minecraft:crafting_table":5,"minecraft:spruce_log":4,"minecraft:spruce_boat":2,"minecraft:iron_pickaxe":10,"minecraft:iron_boots":1,"minecraft:smooth_basalt":2,"minecraft:stone_axe":103,"minecraft:cobblestone":1,"minecraft:furnace":2,"minecraft:bucket":2},"minecraft:mined":{"minecraft:spruce_planks":2,"minecraft:flowering_azalea":2,"minecraft:clay":4,"minecraft:crafting_table":4,"minecraft:torch":4,"minecraft:cave_vines_plant":21,"minecraft:budding_amethyst":1,"minecraft:calcite":9,"minecraft:tall_grass":8,"minecraft:lapis_ore":1,"minecraft:moss_block":5,"minecraft:wall_torch":7,"minecraft:amethyst_block":9,"minecraft:spore_blossom":1,"minecraft:furnace":2,"minecraft:iron_ore":36,"minecraft:spruce_log":93,"minecraft:grass":9,"minecraft:coal_ore":49,"minecraft:cave_vines":24,"minecraft:smooth_basalt":2,"minecraft:azalea":3,"minecraft:stone":95},"minecraft:custom":{"minecraft:interact_with_furnace":25,"minecraft:mob_kills":13,"minecraft:interact_with_crafting_table":19,"minecraft:leave_game":4,"minecraft:time_since_death":24534,"minecraft:climb_one_cm":2369,"minecraft:time_since_rest":25705,"minecraft:sprint_one_cm":75202,"minecraft:damage_taken":1732,"minecraft:walk_one_cm":96661,"minecraft:damage_blocked_by_shield":60,"minecraft:damage_dealt":2954,"minecraft:swim_one_cm":11205,"minecraft:fly_one_cm":84329,"minecraft:crouch_one_cm":16213,"minecraft:play_time":47314,"minecraft:deaths":5,"minecraft:walk_under_water_one_cm":11831,"minecraft:sneak_time":6933,"minecraft:boat_one_cm":833,"minecraft:jump":782,"minecraft:walk_on_water_one_cm":15510,"minecraft:total_world_time":47314,"minecraft:fall_one_cm":20593},"minecraft:broken":{"minecraft:stone_pickaxe":1},"minecraft:picked_up":{"minecraft:crafting_table":7,"minecraft:clay_ball":32,"minecraft:brown_mushroom":4,"minecraft:gunpowder":1,"minecraft:amethyst_block":9,"minecraft:lapis_lazuli":5,"minecraft:moss_carpet":9,"minecraft:bone":4,"minecraft:wheat_seeds":6,"minecraft:spruce_planks":86,"minecraft:spore_blossom":1,"minecraft:stone_pickaxe":3,"minecraft:calcite":9,"minecraft:azalea":4,"minecraft:moss_block":5,"minecraft:flowering_azalea":2,"minecraft:iron_sword":4,"minecraft:furnace":2,"minecraft:stick":23,"minecraft:raw_iron":44,"minecraft:smooth_basalt":2,"minecraft:big_dripleaf":8,"minecraft:torch":26,"minecraft:spruce_sapling":2,"minecraft:spruce_log":260,"minecraft:stone_sword":3,"minecraft:arrow":3,"minecraft:rotten_flesh":6,"minecraft:clay":2,"minecraft:stone_axe":3,"minecraft:tropical_fish":3,"minecraft:spruce_boat":5,"minecraft:glow_berries":64,"minecraft:coal":181,"minecraft:cobblestone":131,"minecraft:ender_pearl":8},"minecraft:killed_by":{"minecraft:skeleton":2,"minecraft:spider":1,"minecraft:zombie":1},"minecraft:crafted":{"minecraft:crafting_table":2,"minecraft:spruce_planks":100,"minecraft:wooden_pickaxe":1,"minecraft:iron_helmet":1,"minecraft:furnace":1,"minecraft:bucket":1,"minecraft:stone_axe":1,"minecraft:air":0,"minecraft:iron_boots":1,"minecraft:iron_chestplate":1,"minecraft:shield":1,"minecraft:stick":36,"minecraft:iron_ingot":34,"minecraft:iron_pickaxe":1,"minecraft:stone_pickaxe":2,"minecraft:stone_sword":1,"minecraft:iron_leggings":1,"minecraft:spruce_boat":1,"minecraft:torch":8},"minecraft:killed":{"minecraft:creeper":1,"minecraft:skeleton":4,"minecraft:zombie":4,"minecraft:tropical_fish":1,"minecraft:enderman":2}},"DataVersion":3465}