{"stats":{"minecraft:used":{"minecraft:calcite":9,"minecraft:azalea":2,"minecraft:moss_block":4,"minecraft:water_bucket":8,"minecraft:amethyst_block":9,"minecraft:stone_sword":4,"minecraft:stone_pickaxe":195,"minecraft:shield":4,"minecraft:spruce_planks":14,"minecraft:wooden_pickaxe":10,"minecraft:iron_sword":141,"minecraft:clay":1,"minecraft:rotten_flesh":2,"minecraft:iron_chestplate":1,"minecraft:torch":17,"minecraft:glow_berries":77,"minecraft:crafting_table":8,"minecraft:white_bed":1,"minecraft:axolotl_bucket":2,"minecraft:spruce_log":4,"minecraft:spruce_boat":4,"minecraft:iron_axe":3,"minecraft:iron_pickaxe":74,"minecraft:iron_boots":1,"minecraft:smooth_basalt":2,"minecraft:stone_axe":103,"minecraft:cobblestone":13,"minecraft:furnace":5,"minecraft:porkchop":1,"minecraft:bucket":11,"minecraft:cooked_beef":1},"minecraft:custom":{"minecraft:interact_with_furnace":33,"minecraft:mob_kills":27,"minecraft:interact_with_crafting_table":23,"minecraft:leave_game":5,"minecraft:time_since_death":43734,"minecraft:sleep_in_bed":1,"minecraft:climb_one_cm":2369,"minecraft:time_since_rest":2000,"minecraft:sprint_one_cm":124137,"minecraft:damage_taken":2179,"minecraft:walk_one_cm":148853,"minecraft:damage_blocked_by_shield":405,"minecraft:damage_dealt":5471,"minecraft:swim_one_cm":11714,"minecraft:fly_one_cm":125981,"minecraft:crouch_one_cm":22855,"minecraft:play_time":66514,"minecraft:deaths":5,"minecraft:walk_under_water_one_cm":13947,"minecraft:sneak_time":8684,"minecraft:boat_one_cm":89573,"minecraft:jump":1156,"minecraft:walk_on_water_one_cm":19989,"minecraft:total_world_time":66514,"minecraft:fall_one_cm":27162},"minecraft:mined":{"minecraft:deepslate_redstone_ore":2,"minecraft:spruce_planks":2,"minecraft:flowering_azalea":2,"minecraft:clay":4,"minecraft:crafting_table":7,"minecraft:torch":4,"minecraft:cave_vines_plant":21,"minecraft:budding_amethyst":1,"minecraft:calcite":9,"minecraft:cobblestone":3,"minecraft:tall_grass":8,"minecraft:deepslate_gold_ore":15,"minecraft:lapis_ore":1,"minecraft:moss_block":5,"minecraft:wall_torch":10,"minecraft:amethyst_block":9,"minecraft:spore_blossom":1,"minecraft:redstone_ore":5,"minecraft:furnace":5,"minecraft:iron_ore":44,"minecraft:spruce_log":93,"minecraft:rail":1,"minecraft:grass":10,"minecraft:deepslate_iron_ore":9,"minecraft:coal_ore":49,"minecraft:cave_vines":25,"minecraft:cobweb":25,"minecraft:smooth_basalt":2,"minecraft:azalea":3,"minecraft:stone":101,"minecraft:deepslate":10,"minecraft:oak_leaves":1},"minecraft:broken":{"minecraft:stone_pickaxe":1},"minecraft:picked_up":{"minecraft:crafting_table":10,"minecraft:clay_ball":32,"minecraft:leather":4,"minecraft:brown_mushroom":4,"minecraft:gunpowder":4,"minecraft:string":25,"minecraft:amethyst_block":9,"minecraft:lapis_lazuli":5,"minecraft:moss_carpet":9,"minecraft:bone":6,"minecraft:wheat_seeds":6,"minecraft:cobbled_deepslate":14,"minecraft:raw_gold":15,"minecraft:spruce_planks":86,"minecraft:spore_blossom":1,"minecraft:beef":9,"minecraft:stone_pickaxe":3,"minecraft:calcite":9,"minecraft:azalea":4,"minecraft:moss_block":5,"minecraft:flowering_azalea":2,"minecraft:iron_sword":4,"minecraft:furnace":5,"minecraft:stick":23,"minecraft:raw_iron":61,"minecraft:smooth_basalt":2,"minecraft:big_dripleaf":8,"minecraft:torch":29,"minecraft:gravel":1,"minecraft:porkchop":1,"minecraft:spruce_sapling":2,"minecraft:spruce_log":260,"minecraft:redstone":30,"minecraft:stone_sword":3,"minecraft:arrow":5,"minecraft:rotten_flesh":10,"minecraft:clay":2,"minecraft:stone_axe":3,"minecraft:tropical_fish":3,"minecraft:spruce_boat":7,"minecraft:glow_berries":64,"minecraft:coal":215,"minecraft:rail":1,"minecraft:cobblestone":140,"minecraft:ender_pearl":8},"minecraft:killed_by":{"minecraft:skeleton":2,"minecraft:spider":1,"minecraft:zombie":1},"minecraft:crafted":{"minecraft:cooked_beef":9,"minecraft:crafting_table":2,"minecraft:spruce_planks":100,"minecraft:wooden_pickaxe":1,"minecraft:iron_helmet":1,"minecraft:furnace":3,"minecraft:bucket":1,"minecraft:stone_axe":1,"minecraft:air":0,"minecraft:white_wool":6,"minecraft:iron_boots":1,"minecraft:iron_chestplate":1,"minecraft:shield":1,"minecraft:iron_axe":1,"minecraft:stick":36,"minecraft:iron_ingot":34,"minecraft:iron_pickaxe":1,"minecraft:stone_pickaxe":2,"minecraft:white_bed":2,"minecraft:stone_sword":1,"minecraft:iron_leggings":1,"minecraft:spruce_boat":1,"minecraft:torch":32},"minecraft:killed":{"minecraft:pig":1,"minecraft:creeper":4,"minecraft:skeleton":6,"minecraft:zombie":7,"minecraft:tropical_fish":1,"minecraft:cow":4,"minecraft:enderman":3}},"DataVersion":3465}