{"stats":{"minecraft:broken":{"minecraft:stone_pickaxe":1},"minecraft:crafted":{"minecraft:crafting_table":1,"minecraft:spruce_planks":48,"minecraft:iron_helmet":1,"minecraft:wooden_pickaxe":1,"minecraft:furnace":1,"minecraft:stone_axe":1,"minecraft:air":0,"minecraft:iron_boots":1,"minecraft:iron_chestplate":1,"minecraft:shield":1,"minecraft:stick":36,"minecraft:iron_ingot":34,"minecraft:iron_pickaxe":1,"minecraft:stone_pickaxe":2,"minecraft:stone_sword":1,"minecraft:iron_leggings":1,"minecraft:spruce_boat":1,"minecraft:torch":8},"minecraft:picked_up":{"minecraft:crafting_table":6,"minecraft:clay_ball":32,"minecraft:brown_mushroom":4,"minecraft:amethyst_block":9,"minecraft:lapis_lazuli":5,"minecraft:moss_carpet":9,"minecraft:bone":2,"minecraft:wheat_seeds":3,"minecraft:spore_blossom":1,"minecraft:spruce_planks":86,"minecraft:stone_pickaxe":3,"minecraft:calcite":9,"minecraft:azalea":2,"minecraft:moss_block":5,"minecraft:flowering_azalea":2,"minecraft:iron_sword":4,"minecraft:furnace":2,"minecraft:raw_iron":44,"minecraft:stick":23,"minecraft:smooth_basalt":2,"minecraft:big_dripleaf":8,"minecraft:torch":24,"minecraft:spruce_sapling":2,"minecraft:spruce_log":260,"minecraft:stone_sword":3,"minecraft:arrow":3,"minecraft:rotten_flesh":6,"minecraft:clay":2,"minecraft:stone_axe":3,"minecraft:tropical_fish":3,"minecraft:spruce_boat":5,"minecraft:glow_berries":55,"minecraft:coal":179,"minecraft:cobblestone":124,"minecraft:ender_pearl":8},"minecraft:mined":{"minecraft:spruce_planks":2,"minecraft:flowering_azalea":2,"minecraft:clay":4,"minecraft:crafting_table":3,"minecraft:cave_vines_plant":15,"minecraft:torch":2,"minecraft:budding_amethyst":1,"minecraft:calcite":9,"minecraft:tall_grass":3,"minecraft:lapis_ore":1,"minecraft:moss_block":5,"minecraft:wall_torch":7,"minecraft:amethyst_block":9,"minecraft:spore_blossom":1,"minecraft:furnace":2,"minecraft:iron_ore":36,"minecraft:spruce_log":93,"minecraft:grass":5,"minecraft:cave_vines":21,"minecraft:coal_ore":47,"minecraft:smooth_basalt":2,"minecraft:azalea":1,"minecraft:stone":88},"minecraft:custom":{"minecraft:interact_with_furnace":25,"minecraft:mob_kills":9,"minecraft:interact_with_crafting_table":18,"minecraft:leave_game":4,"minecraft:time_since_death":19400,"minecraft:climb_one_cm":1251,"minecraft:time_since_rest":20571,"minecraft:sprint_one_cm":61768,"minecraft:damage_taken":1619,"minecraft:walk_one_cm":82431,"minecraft:damage_dealt":2154,"minecraft:swim_one_cm":9456,"minecraft:fly_one_cm":62156,"minecraft:crouch_one_cm":15792,"minecraft:play_time":42180,"minecraft:deaths":5,"minecraft:sneak_time":6845,"minecraft:walk_under_water_one_cm":11385,"minecraft:boat_one_cm":833,"minecraft:jump":586,"minecraft:walk_on_water_one_cm":13108,"minecraft:total_world_time":42180,"minecraft:fall_one_cm":15860},"minecraft:used":{"minecraft:calcite":9,"minecraft:moss_block":4,"minecraft:amethyst_block":9,"minecraft:stone_sword":4,"minecraft:stone_pickaxe":195,"minecraft:spruce_planks":14,"minecraft:wooden_pickaxe":10,"minecraft:iron_sword":47,"minecraft:clay":1,"minecraft:rotten_flesh":2,"minecraft:iron_chestplate":1,"minecraft:torch":10,"minecraft:glow_berries":46,"minecraft:crafting_table":4,"minecraft:spruce_log":4,"minecraft:spruce_boat":2,"minecraft:iron_pickaxe":1,"minecraft:iron_boots":1,"minecraft:smooth_basalt":2,"minecraft:stone_axe":101,"minecraft:cobblestone":1,"minecraft:furnace":2},"minecraft:killed_by":{"minecraft:skeleton":2,"minecraft:spider":1,"minecraft:zombie":1},"minecraft:killed":{"minecraft:skeleton":2,"minecraft:zombie":3,"minecraft:tropical_fish":1,"minecraft:enderman":2}},"DataVersion":3465}