{"stats":{"minecraft:crafted":{"minecraft:crafting_table":1,"minecraft:spruce_planks":48,"minecraft:stick":16,"minecraft:wooden_pickaxe":1,"minecraft:stone_pickaxe":1,"minecraft:stone_sword":1,"minecraft:spruce_boat":1,"minecraft:torch":8,"minecraft:stone_axe":1},"minecraft:picked_up":{"minecraft:crafting_table":5,"minecraft:stick":23,"minecraft:raw_iron":12,"minecraft:clay_ball":24,"minecraft:big_dripleaf":8,"minecraft:brown_mushroom":4,"minecraft:torch":17,"minecraft:spruce_sapling":2,"minecraft:spruce_log":260,"minecraft:moss_carpet":9,"minecraft:stone_sword":3,"minecraft:arrow":3,"minecraft:rotten_flesh":2,"minecraft:clay":2,"minecraft:spruce_boat":5,"minecraft:tropical_fish":3,"minecraft:stone_axe":3,"minecraft:wheat_seeds":2,"minecraft:spruce_planks":85,"minecraft:stone_pickaxe":3,"minecraft:azalea":2,"minecraft:moss_block":3,"minecraft:glow_berries":26,"minecraft:iron_sword":4,"minecraft:flowering_azalea":2,"minecraft:coal":137,"minecraft:cobblestone":53,"minecraft:ender_pearl":8},"minecraft:mined":{"minecraft:flowering_azalea":2,"minecraft:spruce_planks":1,"minecraft:iron_ore":4,"minecraft:spruce_log":93,"minecraft:clay":2,"minecraft:crafting_table":2,"minecraft:grass":5,"minecraft:coal_ore":47,"minecraft:cave_vines":4,"minecraft:tall_grass":2,"minecraft:azalea":1,"minecraft:stone":17,"minecraft:moss_block":2,"minecraft:wall_torch":2},"minecraft:custom":{"minecraft:time_since_rest":3214,"minecraft:sprint_one_cm":31621,"minecraft:damage_taken":1495,"minecraft:walk_one_cm":34368,"minecraft:mob_kills":5,"minecraft:damage_dealt":1389,"minecraft:swim_one_cm":2478,"minecraft:interact_with_crafting_table":3,"minecraft:fly_one_cm":38951,"minecraft:crouch_one_cm":7860,"minecraft:play_time":24823,"minecraft:walk_under_water_one_cm":7624,"minecraft:deaths":5,"minecraft:sneak_time":3355,"minecraft:boat_one_cm":833,"minecraft:jump":298,"minecraft:leave_game":3,"minecraft:time_since_death":2043,"minecraft:walk_on_water_one_cm":9804,"minecraft:total_world_time":24823,"minecraft:climb_one_cm":586,"minecraft:fall_one_cm":12345},"minecraft:used":{"minecraft:moss_block":2,"minecraft:spruce_boat":2,"minecraft:stone_sword":4,"minecraft:stone_pickaxe":60,"minecraft:spruce_planks":1,"minecraft:wooden_pickaxe":10,"minecraft:iron_sword":1,"minecraft:clay":1,"minecraft:rotten_flesh":2,"minecraft:torch":3,"minecraft:glow_berries":25,"minecraft:stone_axe":98,"minecraft:crafting_table":2,"minecraft:spruce_log":4},"minecraft:killed_by":{"minecraft:skeleton":2,"minecraft:spider":1,"minecraft:zombie":1},"minecraft:killed":{"minecraft:skeleton":1,"minecraft:tropical_fish":1,"minecraft:enderman":2}},"DataVersion":3465}