{"stats":{"minecraft:used":{"minecraft:calcite":9,"minecraft:azalea":2,"minecraft:moss_block":4,"minecraft:water_bucket":7,"minecraft:amethyst_block":9,"minecraft:stone_sword":4,"minecraft:stone_pickaxe":195,"minecraft:shield":3,"minecraft:spruce_planks":14,"minecraft:wooden_pickaxe":10,"minecraft:iron_sword":103,"minecraft:clay":1,"minecraft:rotten_flesh":2,"minecraft:iron_chestplate":1,"minecraft:torch":16,"minecraft:glow_berries":77,"minecraft:crafting_table":6,"minecraft:axolotl_bucket":2,"minecraft:spruce_log":4,"minecraft:spruce_boat":3,"minecraft:iron_axe":1,"minecraft:iron_pickaxe":50,"minecraft:iron_boots":1,"minecraft:smooth_basalt":2,"minecraft:stone_axe":103,"minecraft:cobblestone":10,"minecraft:furnace":5,"minecraft:porkchop":1,"minecraft:bucket":10,"minecraft:cooked_beef":1},"minecraft:mined":{"minecraft:spruce_planks":2,"minecraft:flowering_azalea":2,"minecraft:clay":4,"minecraft:crafting_table":5,"minecraft:torch":4,"minecraft:cave_vines_plant":21,"minecraft:budding_amethyst":1,"minecraft:calcite":9,"minecraft:cobblestone":3,"minecraft:tall_grass":8,"minecraft:deepslate_gold_ore":6,"minecraft:lapis_ore":1,"minecraft:moss_block":5,"minecraft:wall_torch":10,"minecraft:amethyst_block":9,"minecraft:spore_blossom":1,"minecraft:redstone_ore":5,"minecraft:furnace":5,"minecraft:iron_ore":44,"minecraft:spruce_log":93,"minecraft:grass":10,"minecraft:deepslate_iron_ore":5,"minecraft:coal_ore":49,"minecraft:cave_vines":25,"minecraft:cobweb":1,"minecraft:smooth_basalt":2,"minecraft:azalea":3,"minecraft:stone":101,"minecraft:deepslate":2,"minecraft:oak_leaves":1},"minecraft:custom":{"minecraft:interact_with_furnace":33,"minecraft:mob_kills":23,"minecraft:interact_with_crafting_table":21,"minecraft:leave_game":4,"minecraft:time_since_death":36534,"minecraft:climb_one_cm":2369,"minecraft:time_since_rest":37705,"minecraft:sprint_one_cm":91822,"minecraft:damage_taken":1939,"minecraft:walk_one_cm":120867,"minecraft:damage_blocked_by_shield":135,"minecraft:damage_dealt":4471,"minecraft:swim_one_cm":11714,"minecraft:fly_one_cm":113058,"minecraft:crouch_one_cm":20852,"minecraft:play_time":59314,"minecraft:deaths":5,"minecraft:walk_under_water_one_cm":13947,"minecraft:sneak_time":7984,"minecraft:boat_one_cm":89573,"minecraft:jump":1012,"minecraft:walk_on_water_one_cm":19957,"minecraft:total_world_time":59314,"minecraft:fall_one_cm":26016},"minecraft:broken":{"minecraft:stone_pickaxe":1},"minecraft:picked_up":{"minecraft:crafting_table":8,"minecraft:clay_ball":32,"minecraft:leather":4,"minecraft:brown_mushroom":4,"minecraft:gunpowder":3,"minecraft:string":1,"minecraft:amethyst_block":9,"minecraft:lapis_lazuli":5,"minecraft:moss_carpet":9,"minecraft:bone":6,"minecraft:wheat_seeds":6,"minecraft:cobbled_deepslate":6,"minecraft:raw_gold":6,"minecraft:spruce_planks":86,"minecraft:spore_blossom":1,"minecraft:beef":9,"minecraft:stone_pickaxe":3,"minecraft:calcite":9,"minecraft:azalea":4,"minecraft:moss_block":5,"minecraft:flowering_azalea":2,"minecraft:iron_sword":4,"minecraft:furnace":5,"minecraft:stick":23,"minecraft:raw_iron":57,"minecraft:smooth_basalt":2,"minecraft:big_dripleaf":8,"minecraft:torch":29,"minecraft:porkchop":1,"minecraft:spruce_sapling":2,"minecraft:spruce_log":260,"minecraft:redstone":22,"minecraft:stone_sword":3,"minecraft:arrow":5,"minecraft:rotten_flesh":7,"minecraft:clay":2,"minecraft:stone_axe":3,"minecraft:tropical_fish":3,"minecraft:spruce_boat":6,"minecraft:glow_berries":64,"minecraft:coal":215,"minecraft:cobblestone":140,"minecraft:ender_pearl":8},"minecraft:killed_by":{"minecraft:skeleton":2,"minecraft:spider":1,"minecraft:zombie":1},"minecraft:crafted":{"minecraft:cooked_beef":9,"minecraft:crafting_table":2,"minecraft:spruce_planks":100,"minecraft:wooden_pickaxe":1,"minecraft:iron_helmet":1,"minecraft:furnace":3,"minecraft:bucket":1,"minecraft:stone_axe":1,"minecraft:air":0,"minecraft:iron_boots":1,"minecraft:iron_chestplate":1,"minecraft:shield":1,"minecraft:iron_axe":1,"minecraft:stick":36,"minecraft:iron_ingot":34,"minecraft:iron_pickaxe":1,"minecraft:stone_pickaxe":2,"minecraft:stone_sword":1,"minecraft:iron_leggings":1,"minecraft:spruce_boat":1,"minecraft:torch":32},"minecraft:killed":{"minecraft:pig":1,"minecraft:creeper":3,"minecraft:skeleton":6,"minecraft:zombie":5,"minecraft:tropical_fish":1,"minecraft:cow":4,"minecraft:enderman":2}},"DataVersion":3465}